,model_name,mae,mse,rmse,mpe,r2
0,lstm,27.517551,1196.212,34.5863,-0.05937422392889857,0.9545835341379606
