,model_name,mae,mse,rmse,mpe,r2
0,lstm,46.76647,3184.6545,56.432743,0.7758818566799164,0.8790885444901465
