,model_name,mae,mse,rmse,mpe,r2
0,lstm,28.605974,1333.1907,36.512882,-0.24152949918061495,0.9493828881820714
