,model_name,mae,mse,rmse,mpe,r2
0,lstm,33.053547,1577.4263,39.716827,0.4471675958484411,0.9401100188507171
