,model_name,mae,mse,rmse,mpe,r2
0,lstm,26.981598,1190.386,34.501972,0.05845080595463514,0.9548047280395763
