,model_name,mae,mse,rmse,mpe,r2
0,lstm,123.784546,24372.95,156.11838,2.274591103196144,0.07463471871464267
