,model_name,mae,mse,rmse,mpe,r2
0,lstm,45.552383,3277.5256,57.24968,0.6090992596000433,0.8755625059041257
