,model_name,mae,mse,rmse,mpe,r2
0,lstm,43.128384,3049.4375,55.221714,0.5415006540715694,0.8842223168700741
