,model_name,mae,mse,rmse,mpe,r2
0,lstm,87.66756,13592.654,116.58754,-0.14148891204968095,0.4839290573457191
