,model_name,mae,mse,rmse,mpe,r2
0,lstm,54.428604,4394.7314,66.29277,1.050596870481968,0.8331456743050636
