,model_name,mae,mse,rmse,mpe,r2
0,lstm,33.01557,1555.1233,39.43505,0.40147779509425163,0.9409567931066014
