,model_name,mae,mse,rmse,mpe,r2
0,lstm,43.776325,2671.735,51.68883,0.760117219761014,0.8985625000403554
