,model_name,mae,mse,rmse,mpe,r2
0,lstm,91.4622,13315.543,115.39299,0.6380456034094095,0.4944501145348079
