,model_name,mae,mse,rmse,mpe,r2
0,lstm,108.99407,19420.863,139.35876,0.10882583446800709,0.2626500794380979
