,model_name,mae,mse,rmse,mpe,r2
0,lstm,29.443062,1281.8132,35.802418,0.17121288692578673,0.9513335232104835
