,model_name,mae,mse,rmse,mpe,r2
0,lstm,46.525143,3847.8076,62.0307,0.014918831584509462,0.8539106588528317
