,model_name,mae,mse,rmse,mpe,r2
0,lstm,27.548334,1266.1829,35.58346,-0.1717088744044304,0.9519269636643565
