,model_name,mae,mse,rmse,mpe,r2
0,lstm,31.16831,1394.3129,37.3405,0.2948630601167679,0.9470622662231704
