,model_name,mae,mse,rmse,mpe,r2
0,lstm,27.656233,1234.2456,35.131832,-0.018688762793317437,0.9531395220939796
