,model_name,mae,mse,rmse,mpe,r2
0,lstm,32.985405,1657.9863,40.71838,0.11349368141964078,0.9370513965739502
