,model_name,mae,mse,rmse,mpe,r2
0,lstm,28.543995,1400.3715,37.421535,-0.32479765359312296,0.9468322360952057
