,model_name,mae,mse,rmse,mpe,r2
0,lstm,32.791737,1686.4253,41.06611,-0.0625542423222214,0.9359716589942626
