,model_name,mae,mse,rmse,mpe,r2
0,lstm,33.087547,1564.1519,39.54936,0.41366959922015667,0.9406140025323686
