,model_name,mae,mse,rmse,mpe,r2
0,lstm,29.026834,1330.6182,36.47764,0.2528688870370388,0.9494805501988135
