,model_name,mae,mse,rmse,mpe,r2
0,lstm,109.36685,16113.741,126.93991,1.4851927757263184,0.38821121626246
