,model_name,mae,mse,rmse,mpe,r2
0,lstm,30.56433,1420.1464,37.68483,-0.1744817360304296,0.9460814492430544
