,model_name,mae,mse,rmse,mpe,r2
0,lstm,30.710634,1392.1967,37.312153,0.2900404389947653,0.9471426049171744
