,model_name,mae,mse,rmse,mpe,r2
0,lstm,29.893553,1410.287,37.553787,0.3041422925889492,0.9464557766687619
