,model_name,mae,mse,rmse,mpe,r2
0,lstm,327.5075,132566.89,364.09735,7.2441935539245605,-4.033154042745737
