,model_name,mae,mse,rmse,mpe,r2
0,lstm,36.54996,2233.5242,47.260174,0.2825240371748805,0.9152000182512725
