,model_name,mae,mse,rmse,mpe,r2
0,lstm,60.37275,5745.89,75.80165,0.0011691492545651272,0.7818463655013397
