,model_name,mae,mse,rmse,mpe,r2
0,lstm,261.43134,85987.43,293.23615,5.7589855045080185,-2.2646762916983483
